Zeit	Typ	Menge	Summe	Quelle
2014-06-12 09:13:42	Weekly	100	-39110	Spiel
2014-06-12 09:26:51	Start	0	-39110	Mine 0 2014-06-12
2014-06-12 09:26:51	Prod	1	-39109	Mine 0 2014-06-12
2014-06-19 09:08:05	Prod	1	-38344	Mine 0 2014-06-12
2014-06-19 09:13:42	Weekly	100	-38244	Spiel
2014-06-19 09:21:14	Prod	1	-38243	Mine 0 2014-06-12
2014-06-26 09:02:28	Prod	1	-37478	Mine 0 2014-06-12
2014-06-26 09:13:42	Weekly	100	-37378	Spiel
2014-06-26 09:15:37	Prod	1	-37377	Mine 0 2014-06-12
2014-07-03 09:10:00	Prod	1	-36611	Mine 0 2014-06-12
2014-07-03 09:13:42	Weekly	100	-36511	Spiel
2014-07-03 09:23:09	Prod	1	-36510	Mine 0 2014-06-12
2014-07-10 09:04:22	Prod	1	-35745	Mine 0 2014-06-12
2014-07-10 09:13:42	Weekly	100	-35645	Spiel
2014-07-10 09:17:32	Prod	1	-35644	Mine 0 2014-06-12
2014-07-17 09:11:54	Prod	1	-34878	Mine 0 2014-06-12
2014-07-17 09:13:42	Weekly	100	-34778	Spiel
2014-07-17 09:25:04	Prod	1	-34777	Mine 0 2014-06-12
2014-07-24 09:06:17	Prod	1	-34012	Mine 0 2014-06-12
2014-07-24 09:13:42	Weekly	100	-33912	Spiel
2014-07-24 09:19:26	Prod	1	-33911	Mine 0 2014-06-12
2014-07-31 09:00:40	Prod	1	-33146	Mine 0 2014-06-12
2014-07-31 09:13:42	Weekly	100	-33046	Spiel
2014-07-31 09:13:49	Prod	1	-33045	Mine 0 2014-06-12
2014-08-07 09:08:12	Prod	1	-32279	Mine 0 2014-06-12
2014-08-07 09:13:42	Weekly	100	-32179	Spiel
2014-08-07 09:21:21	Prod	1	-32178	Mine 0 2014-06-12
2014-08-14 09:02:35	Prod	1	-31413	Mine 0 2014-06-12
2014-08-14 09:13:42	Weekly	100	-31313	Spiel
2014-08-14 09:15:44	Prod	1	-31312	Mine 0 2014-06-12
2014-08-21 09:10:07	Prod	1	-30546	Mine 0 2014-06-12
2014-08-21 09:13:42	Weekly	100	-30446	Spiel
2014-08-21 09:23:16	Prod	1	-30445	Mine 0 2014-06-12
2014-08-28 09:04:30	Prod	1	-29680	Mine 0 2014-06-12
2014-08-28 09:13:42	Weekly	100	-29580	Spiel
2014-08-28 09:17:39	Prod	1	-29579	Mine 0 2014-06-12
2014-09-04 09:12:02	Prod	1	-28813	Mine 0 2014-06-12
2014-09-04 09:13:42	Weekly	100	-28713	Spiel
2014-09-04 09:25:11	Prod	1	-28712	Mine 0 2014-06-12
2014-09-05 05:35:10	Prod	1	-28620	Mine 0 2014-06-12
2014-09-05 05:38:15	Start	0	-28620	Mine 1 2014-09-05
2014-09-05 05:38:15	Prod	1	-28619	Mine 1 2014-09-05
2014-09-11 09:09:22	Prod	1	-27273	Mine 1 2014-09-05
2014-09-11 09:13:42	Weekly	100	-27173	Spiel
2014-09-11 09:19:34	Prod	1	-27172	Mine 0 2014-06-12
2014-09-18 09:03:36	Prod	1	-25641	Mine 1 2014-09-05
2014-09-18 09:13:42	Weekly	100	-25541	Spiel
2014-09-18 09:13:57	Prod	1	-25540	Mine 0 2014-06-12
2014-09-25 09:10:58	Prod	1	-24007	Mine 1 2014-09-05
2014-09-25 09:13:42	Weekly	100	-23907	Spiel
2014-09-25 09:21:29	Prod	1	-23906	Mine 0 2014-06-12
2014-10-02 09:05:12	Prod	1	-22375	Mine 1 2014-09-05
2014-10-02 09:13:42	Weekly	100	-22275	Spiel
2014-10-02 09:15:51	Prod	1	-22274	Mine 0 2014-06-12
2014-10-09 09:12:35	Prod	1	-20741	Mine 1 2014-09-05
2014-10-09 09:13:42	Weekly	100	-20641	Spiel
2014-10-09 09:23:23	Prod	1	-20640	Mine 0 2014-06-12
2014-10-16 09:06:48	Prod	1	-19109	Mine 1 2014-09-05
2014-10-16 09:13:42	Weekly	100	-19009	Spiel
2014-10-16 09:17:46	Prod	1	-19008	Mine 0 2014-06-12
2014-10-23 09:12:09	Prod	1	-17476	Mine 0 2014-06-12
2014-10-23 09:13:42	Weekly	100	-17376	Spiel
2014-10-23 09:14:11	Prod	1	-17375	Mine 1 2014-09-05
2014-10-30 08:08:25	Prod	1	-15843	Mine 1 2014-09-05
2014-10-30 08:13:42	Weekly	100	-15743	Spiel
2014-10-30 08:19:41	Prod	1	-15742	Mine 0 2014-06-12
2014-11-04 02:58:09	Prod	1	-14696	Mine 0 2014-06-12
2014-11-04 02:59:01	Start	0	-14696	Mine 2 2014-11-04
2014-11-04 02:59:01	Prod	1	-14695	Mine 2 2014-11-04
2014-11-06 08:02:39	Prod	1	-13968	Mine 1 2014-09-05
2014-11-06 08:13:42	Weekly	100	-13868	Spiel
2014-11-06 08:14:04	Prod	1	-13867	Mine 0 2014-06-12
2014-11-13 08:10:01	Prod	1	-11567	Mine 1 2014-09-05
2014-11-13 08:13:42	Weekly	100	-11467	Spiel
2014-11-13 08:21:36	Prod	1	-11466	Mine 0 2014-06-12
2014-11-20 08:04:15	Prod	1	-9169	Mine 1 2014-09-05
2014-11-20 08:13:42	Weekly	100	-9069	Spiel
2014-11-20 08:15:59	Prod	1	-9068	Mine 0 2014-06-12
2014-11-27 08:11:38	Prod	1	-6768	Mine 1 2014-09-05
2014-11-27 08:13:42	Weekly	100	-6668	Spiel
2014-11-27 08:23:31	Prod	1	-6667	Mine 0 2014-06-12
2014-12-04 08:05:51	Prod	1	-4370	Mine 1 2014-09-05
2014-12-04 08:13:42	Weekly	100	-4270	Spiel
2014-12-04 08:17:54	Prod	1	-4269	Mine 0 2014-06-12
2014-12-11 08:13:14	Prod	1	-1969	Mine 1 2014-09-05
2014-12-11 08:13:42	Weekly	100	-1869	Spiel
2014-12-11 08:25:26	Prod	1	-1868	Mine 0 2014-06-12
2014-12-15 23:08:01	Prod	1	-351	Mine 1 2014-09-05
2014-12-15 23:08:49	Start	0	-351	Mine 3 2014-12-15
2014-12-15 23:08:49	Prod	1	-350	Mine 3 2014-12-15
2014-12-18 08:08:14	Prod	1	690	Mine 3 2014-12-15
2014-12-18 08:13:42	Weekly	100	790	Spiel
2014-12-18 08:19:48	Prod	1	791	Mine 0 2014-06-12
2014-12-25 08:02:21	Prod	1	3854	Mine 3 2014-12-15
2014-12-25 08:13:42	Weekly	100	3954	Spiel
2014-12-25 08:14:11	Prod	1	3955	Mine 0 2014-06-12
2015-01-01 08:09:38	Prod	1	7022	Mine 3 2014-12-15
2015-01-01 08:13:42	Weekly	100	7122	Spiel
2015-01-01 08:21:43	Prod	1	7123	Mine 0 2014-06-12
2015-01-08 08:03:45	Prod	1	10186	Mine 3 2014-12-15
2015-01-08 08:13:42	Weekly	100	10286	Spiel
2015-01-08 08:16:06	Prod	1	10287	Mine 0 2014-06-12
2015-01-15 08:11:02	Prod	1	13354	Mine 3 2014-12-15
2015-01-15 08:13:42	Weekly	100	13454	Spiel
2015-01-15 08:23:38	Prod	1	13455	Mine 0 2014-06-12
2015-01-22 08:05:09	Prod	1	16518	Mine 3 2014-12-15
2015-01-22 08:13:42	Weekly	100	16618	Spiel
2015-01-22 08:18:01	Prod	1	16619	Mine 0 2014-06-12
2015-01-29 08:12:38	Prod	1	19686	Mine 2 2014-11-04
2015-01-29 08:13:42	Weekly	100	19786	Spiel
2015-01-29 08:25:26	Prod	1	19787	Mine 1 2014-09-05
2015-01-29 20:02:37	Prod	1	20001	Mine 3 2014-12-15
2015-01-29 20:02:38	Buy	-20000	1	Spiel
2015-01-29 20:02:50	Prod	1	2	Mine 2 2014-11-04
2015-01-29 20:15:59	Prod	1	6	Mine 2 2014-11-04
2015-01-29 20:25:47	Start	0	6	Mine 4 2015-01-29
2015-01-29 20:25:47	Prod	1	7	Mine 4 2015-01-29
2015-02-05 08:06:58	Prod	1	3561	Mine 2 2014-11-04
2015-02-05 08:13:42	Weekly	100	3661	Spiel
2015-02-05 08:16:40	Prod	1	3662	Mine 4 2015-01-29
2015-02-12 08:10:54	Prod	1	7492	Mine 4 2015-01-29
2015-02-12 08:13:42	Weekly	100	7592	Spiel
2015-02-12 08:13:50	Prod	1	7593	Mine 3 2014-12-15
2015-02-19 08:08:47	Prod	1	11426	Mine 2 2014-11-04
2015-02-19 08:13:42	Weekly	100	11526	Spiel
2015-02-19 08:18:17	Prod	1	11527	Mine 4 2015-01-29
2015-02-26 08:12:30	Prod	1	15357	Mine 4 2015-01-29
2015-02-26 08:13:42	Weekly	100	15457	Spiel
2015-02-26 08:15:14	Prod	1	15458	Mine 3 2014-12-15
2015-03-05 08:10:36	Prod	1	19291	Mine 0 2014-06-12
2015-03-05 08:13:42	Weekly	100	19391	Spiel
2015-03-05 08:19:53	Prod	1	19392	Mine 4 2015-01-29
2015-03-06 10:55:08	Prod	1	20001	Mine 0 2014-06-12
2015-03-06 10:55:09	Buy	-20000	1	Spiel
2015-03-06 11:04:24	Prod	1	2	Mine 4 2015-01-29
2015-03-06 11:17:33	Prod	1	7	Mine 4 2015-01-29
2015-03-06 11:18:19	Start	0	7	Mine 5 2015-03-06
2015-03-06 11:18:19	Prod	1	8	Mine 5 2015-03-06
2015-03-12 08:04:59	Prod	1	3864	Mine 0 2014-06-12
2015-03-12 08:13:42	Weekly	100	3964	Spiel
2015-03-12 08:14:07	Prod	1	3965	Mine 4 2015-01-29
2015-03-19 08:12:31	Prod	1	8566	Mine 0 2014-06-12
2015-03-19 08:13:42	Weekly	100	8666	Spiel
2015-03-19 08:21:30	Prod	1	8667	Mine 4 2015-01-29
2015-03-26 08:06:54	Prod	1	13262	Mine 0 2014-06-12
2015-03-26 08:13:42	Weekly	100	13362	Spiel
2015-03-26 08:15:43	Prod	1	13363	Mine 4 2015-01-29
2015-04-02 09:12:57	Prod	1	17962	Mine 1 2014-09-05
2015-04-02 09:13:42	Weekly	100	18062	Spiel
2015-04-02 09:14:13	Prod	1	18063	Mine 2 2014-11-04
2015-04-05 08:02:16	Prod	1	20001	Mine 2 2014-11-04
2015-04-05 08:02:17	Buy	-20000	1	Spiel
2015-04-05 08:02:30	Prod	1	2	Mine 0 2014-06-12
2015-04-05 08:25:01	Prod	1	10	Mine 5 2015-03-06
2015-04-05 08:25:26	Start	0	10	Mine 6 2015-04-05
2015-04-05 08:25:26	Prod	1	11	Mine 6 2015-04-05
2015-04-09 09:08:49	Prod	1	3102	Mine 0 2014-06-12
2015-04-09 09:13:42	Weekly	100	3202	Spiel
2015-04-09 09:17:20	Prod	1	3203	Mine 4 2015-01-29
2015-04-16 09:13:34	Prod	1	8568	Mine 3 2014-12-15
2015-04-16 09:13:42	Weekly	100	8668	Spiel
2015-04-16 09:14:33	Prod	1	8669	Mine 1 2014-09-05
2015-04-23 09:10:44	Prod	1	14033	Mine 0 2014-06-12
2015-04-23 09:13:42	Weekly	100	14133	Spiel
2015-04-23 09:18:56	Prod	1	14134	Mine 4 2015-01-29
2015-04-30 09:13:10	Prod	1	19496	Mine 4 2015-01-29
2015-04-30 09:13:42	Weekly	100	19596	Spiel
2015-04-30 09:13:55	Prod	1	19597	Mine 5 2015-03-06
2015-04-30 21:47:55	Prod	1	20001	Mine 0 2014-06-12
2015-04-30 21:47:56	Buy	-20000	1	Spiel
2015-04-30 21:55:58	Prod	1	2	Mine 4 2015-01-29
2015-04-30 22:10:55	Prod	1	12	Mine 3 2014-12-15
2015-04-30 22:11:05	Start	0	12	Mine 7 2015-04-30
2015-04-30 22:11:05	Prod	1	13	Mine 7 2015-04-30
2015-05-07 09:12:38	Prod	1	5672	Mine 0 2014-06-12
2015-05-07 09:13:42	Weekly	100	5772	Spiel
2015-05-07 09:20:33	Prod	1	5773	Mine 4 2015-01-29
2015-05-14 09:07:01	Prod	1	11900	Mine 0 2014-06-12
2015-05-14 09:13:42	Weekly	100	12000	Spiel
2015-05-14 09:14:46	Prod	1	12001	Mine 4 2015-01-29
2015-05-21 09:12:00	Prod	1	18134	Mine 1 2014-09-05
2015-05-21 09:13:42	Weekly	100	18234	Spiel
2015-05-21 09:13:59	Prod	1	18235	Mine 2 2014-11-04
2015-05-23 09:37:30	Prod	1	20001	Mine 7 2015-04-30
2015-05-23 09:37:31	Buy	-20000	1	Spiel
2015-05-23 09:38:31	Prod	1	2	Mine 1 2014-09-05
2015-05-23 09:54:17	Prod	1	12	Mine 0 2014-06-12
2015-05-23 10:00:40	Start	0	12	Mine 8 2015-05-23
2015-05-23 10:00:40	Prod	1	13	Mine 8 2015-05-23
2015-05-28 09:08:56	Prod	1	4908	Mine 0 2014-06-12
2015-05-28 09:13:42	Weekly	100	5008	Spiel
2015-05-28 09:15:13	Prod	1	5009	Mine 8 2015-05-23
2015-06-04 09:13:36	Prod	1	11909	Mine 1 2014-09-05
2015-06-04 09:13:42	Weekly	100	12009	Spiel
2015-06-04 09:15:47	Prod	1	12010	Mine 2 2014-11-04
2015-06-11 09:10:51	Prod	1	18905	Mine 0 2014-06-12
2015-06-11 09:13:42	Weekly	100	19005	Spiel
2015-06-11 09:16:49	Prod	1	19006	Mine 8 2015-05-23
2015-06-12 09:26:39	Prod	1	20001	Mine 7 2015-04-30
2015-06-12 09:26:40	Buy	-20000	1	Spiel
2015-06-12 09:27:40	Prod	1	2	Mine 1 2014-09-05
2015-06-12 09:43:52	Prod	1	13	Mine 0 2014-06-12
2015-06-12 09:49:49	Start	0	13	Mine 9 2015-06-12
2015-06-12 09:49:49	Prod	1	14	Mine 8 2015-05-23
2015-06-12 17:10:18	Prod	1	352	Mine 2 2014-11-04
2015-06-12 17:11:02	Finish	0	352	Mine 0 2014-06-12
2015-06-12 17:16:59	Prod	1	353	Mine 8 2015-05-23
2015-06-18 09:13:23	Prod	1	5938	Mine 6 2015-04-05
2015-06-18 09:13:42	Weekly	100	6038	Spiel
2015-06-18 09:14:11	Prod	1	6039	Mine 7 2015-04-30
2015-06-25 09:11:56	Prod	1	12935	Mine 2 2014-11-04
2015-06-25 09:13:42	Weekly	100	13035	Spiel
2015-06-25 09:18:26	Prod	1	13036	Mine 8 2015-05-23
2015-07-02 09:12:40	Prod	1	19931	Mine 9 2015-06-12
2015-07-02 09:13:42	Weekly	100	20031	Spiel
2015-07-02 09:13:43	Buy	-20000	31	Spiel
2015-07-02 09:13:49	Prod	1	32	Mine 4 2015-01-29
2015-07-02 09:32:34	Prod	1	47	Mine 2 2014-11-04
2015-07-02 09:36:52	Start	0	47	Mine 10 2015-07-02
2015-07-02 09:36:52	Prod	1	48	Mine 10 2015-07-02
2015-07-09 09:11:02	Prod	1	7696	Mine 1 2014-09-05
2015-07-09 09:13:42	Weekly	100	7796	Spiel
2015-07-09 09:13:45	Prod	1	7797	Mine 2 2014-11-04
2015-07-16 09:12:10	Prod	1	15458	Mine 10 2015-07-02
2015-07-16 09:13:42	Weekly	100	15558	Spiel
2015-07-16 09:14:16	Prod	1	15559	Mine 8 2015-05-23
2015-07-23 09:12:39	Prod	1	23226	Mine 1 2014-09-05
2015-07-23 09:13:42	Weekly	100	23326	Spiel
2015-07-23 09:15:33	Prod	1	23327	Mine 2 2014-11-04
2015-07-30 09:09:53	Prod	1	30987	Mine 2 2014-11-04
2015-07-30 09:13:42	Weekly	100	31087	Spiel
2015-07-30 09:13:47	Prod	1	31088	Mine 10 2015-07-02
2015-08-06 09:13:14	Prod	1	38755	Mine 7 2015-04-30
2015-08-06 09:13:42	Weekly	100	38855	Spiel
2015-08-06 09:14:15	Prod	1	38856	Mine 1 2014-09-05
2015-08-13 09:11:42	Prod	1	46517	Mine 2 2014-11-04
2015-08-13 09:13:42	Weekly	100	46617	Spiel
2015-08-13 09:15:23	Prod	1	46618	Mine 10 2015-07-02
2015-08-20 09:13:38	Prod	1	54283	Mine 5 2015-03-06
2015-08-20 09:13:42	Weekly	100	54383	Spiel
2015-08-20 09:14:03	Prod	1	54384	Mine 6 2015-04-05
2015-08-27 09:13:30	Prod	1	62047	Mine 2 2014-11-04
2015-08-27 09:13:42	Weekly	100	62147	Spiel
2015-08-27 09:17:00	Prod	1	62148	Mine 10 2015-07-02
2015-09-03 09:13:19	Prod	1	69810	Mine 9 2015-06-12
2015-09-03 09:13:42	Weekly	100	69910	Spiel
2015-09-03 09:14:27	Prod	1	69911	Mine 3 2014-12-15
2015-09-05 13:13:25	Prod	1	72285	Mine 7 2015-04-30
2015-09-05 13:14:26	Finish	0	72285	Mine 1 2014-09-05
2015-09-05 13:14:27	Buy	-20000	52285	Spiel
2015-09-05 13:17:59	Prod	1	52286	Mine 2 2014-11-04
2015-09-05 13:36:35	Prod	1	52298	Mine 9 2015-06-12
2015-09-05 13:37:36	Start	0	52298	Mine 11 2015-09-05
2015-09-05 13:37:36	Prod	1	52299	Mine 11 2015-09-05
2015-09-10 09:10:41	Prod	1	57574	Mine 7 2015-04-30
2015-09-10 09:13:42	Weekly	100	57674	Spiel
2015-09-10 09:15:19	Prod	1	57675	Mine 2 2014-11-04
2015-09-17 09:12:50	Prod	1	65336	Mine 10 2015-07-02
2015-09-17 09:13:42	Weekly	100	65436	Spiel
2015-09-17 09:14:55	Prod	1	65437	Mine 8 2015-05-23
2015-09-24 09:12:17	Prod	1	73104	Mine 7 2015-04-30
2015-09-24 09:13:42	Weekly	100	73204	Spiel
2015-09-24 09:17:08	Prod	1	73205	Mine 2 2014-11-04
2015-10-01 09:11:28	Prod	1	80865	Mine 2 2014-11-04
2015-10-01 09:13:42	Weekly	100	80965	Spiel
2015-10-01 09:14:26	Prod	1	80966	Mine 10 2015-07-02
2015-10-08 09:13:05	Prod	1	88633	Mine 6 2015-04-05
2015-10-08 09:13:42	Weekly	100	88733	Spiel
2015-10-08 09:13:54	Prod	1	88734	Mine 7 2015-04-30
2015-10-15 09:13:16	Prod	1	96395	Mine 2 2014-11-04
2015-10-15 09:13:42	Weekly	100	96495	Spiel
2015-10-15 09:16:03	Prod	1	96496	Mine 10 2015-07-02
2015-10-22 09:13:32	Prod	1	104161	Mine 4 2015-01-29
2015-10-22 09:13:42	Weekly	100	104261	Spiel
2015-10-22 09:14:17	Prod	1	104262	Mine 5 2015-03-06
2015-10-29 08:09:44	Prod	1	111924	Mine 7 2015-04-30
2015-10-29 08:13:42	Weekly	100	112024	Spiel
2015-10-29 08:15:05	Prod	1	112025	Mine 2 2014-11-04
2015-11-04 10:35:05	Prod	1	118704	Mine 7 2015-04-30
2015-11-04 10:40:32	Finish	0	118704	Mine 2 2014-11-04
2015-11-04 10:40:33	Buy	-20000	98704	Spiel
2015-11-04 10:43:00	Prod	1	98705	Mine 10 2015-07-02
2015-11-04 11:01:23	Prod	1	98722	Mine 7 2015-04-30
2015-11-04 11:03:42	Start	0	98722	Mine 12 2015-11-04
2015-11-04 11:03:42	Prod	1	98723	Mine 12 2015-11-04
2015-11-05 08:11:53	Prod	1	99684	Mine 10 2015-07-02
2015-11-05 08:13:42	Weekly	100	99784	Spiel
2015-11-05 08:13:58	Prod	1	99785	Mine 8 2015-05-23
2015-11-12 08:13:39	Prod	1	107453	Mine 12 2015-11-04
2015-11-12 08:13:42	Weekly	100	107553	Spiel
2015-11-12 08:19:15	Prod	1	107554	Mine 10 2015-07-02
2015-11-19 08:13:29	Prod	1	115214	Mine 10 2015-07-02
2015-11-19 08:13:42	Weekly	100	115314	Spiel
2015-11-19 08:15:35	Prod	1	115315	Mine 8 2015-05-23
2015-11-26 08:12:56	Prod	1	122982	Mine 7 2015-04-30
2015-11-26 08:13:42	Weekly	100	123082	Spiel
2015-11-26 08:15:15	Prod	1	123083	Mine 12 2015-11-04
2015-12-03 08:09:29	Prod	1	130743	Mine 12 2015-11-04
2015-12-03 08:13:42	Weekly	100	130843	Spiel
2015-12-03 08:15:05	Prod	1	130844	Mine 10 2015-07-02
2015-12-10 08:13:20	Prod	1	138510	Mine 5 2015-03-06
2015-12-10 08:13:42	Weekly	100	138610	Spiel
2015-12-10 08:13:45	Prod	1	138611	Mine 6 2015-04-05
2015-12-16 06:37:57	Prod	1	145104	Mine 10 2015-07-02
2015-12-16 06:39:39	Finish	0	145104	Mine 3 2014-12-15
2015-12-16 06:39:40	Buy	-20000	125104	Spiel
2015-12-16 06:40:02	Prod	1	125105	Mine 8 2015-05-23
2015-12-16 06:58:38	Prod	1	125121	Mine 12 2015-11-04
2015-12-16 07:02:50	Start	0	125121	Mine 13 2015-12-16
2015-12-16 07:02:50	Prod	1	125122	Mine 13 2015-12-16
2015-12-17 08:11:05	Prod	1	126271	Mine 12 2015-11-04
2015-12-17 08:13:42	Weekly	100	126371	Spiel
2015-12-17 08:15:17	Prod	1	126372	Mine 13 2015-12-16
2015-12-24 08:13:01	Prod	1	134035	Mine 9 2015-06-12
2015-12-24 08:13:42	Weekly	100	134135	Spiel
2015-12-24 08:14:02	Prod	1	134136	Mine 11 2015-09-05
2015-12-31 08:12:42	Prod	1	141801	Mine 12 2015-11-04
2015-12-31 08:13:42	Weekly	100	141901	Spiel
2015-12-31 08:16:53	Prod	1	141902	Mine 13 2015-12-16
2016-01-07 08:12:32	Prod	1	149563	Mine 10 2015-07-02
2016-01-07 08:13:42	Weekly	100	149663	Spiel
2016-01-07 08:14:38	Prod	1	149664	Mine 8 2015-05-23
2016-01-14 08:11:59	Prod	1	157330	Mine 7 2015-04-30
2016-01-14 08:13:42	Weekly	100	157430	Spiel
2016-01-14 08:14:18	Prod	1	157431	Mine 12 2015-11-04
2016-01-21 08:12:43	Prod	1	165092	Mine 13 2015-12-16
2016-01-21 08:13:42	Weekly	100	165192	Spiel
2016-01-21 08:14:08	Prod	1	165193	Mine 10 2015-07-02
2016-01-28 08:13:36	Prod	1	172860	Mine 7 2015-04-30
2016-01-28 08:13:42	Weekly	100	172960	Spiel
2016-01-28 08:15:55	Prod	1	172961	Mine 12 2015-11-04
2016-01-30 04:01:50	Prod	1	174956	Mine 11 2015-09-05
2016-01-30 04:01:58	Finish	0	174956	Mine 4 2015-01-29
2016-01-30 04:01:59	Buy	-20000	154956	Spiel
2016-01-30 04:02:44	Prod	1	154957	Mine 5 2015-03-06
2016-01-30 04:25:01	Prod	1	154971	Mine 10 2015-07-02
2016-01-30 04:25:08	Start	0	154971	Mine 14 2016-01-30
2016-01-30 04:25:08	Prod	1	154972	Mine 14 2016-01-30
2016-02-04 08:10:08	Prod	1	160619	Mine 12 2015-11-04
2016-02-04 08:13:42	Weekly	100	160719	Spiel
2016-02-04 08:14:20	Prod	1	160720	Mine 13 2015-12-16
2016-02-11 08:13:05	Prod	1	168385	Mine 11 2015-09-05
2016-02-11 08:13:42	Weekly	100	168485	Spiel
2016-02-11 08:14:00	Prod	1	168486	Mine 5 2015-03-06
2016-02-18 08:11:45	Prod	1	176149	Mine 12 2015-11-04
2016-02-18 08:13:42	Weekly	100	176249	Spiel
2016-02-18 08:15:56	Prod	1	176250	Mine 13 2015-12-16
2016-02-25 08:13:41	Prod	1	183914	Mine 9 2015-06-12
2016-02-25 08:13:42	Weekly	100	184014	Spiel
2016-02-25 08:14:42	Prod	1	184015	Mine 11 2015-09-05
2016-03-03 08:13:21	Prod	1	191679	Mine 12 2015-11-04
2016-03-03 08:13:42	Weekly	100	191779	Spiel
2016-03-03 08:17:32	Prod	1	191780	Mine 13 2015-12-16
2016-03-05 18:53:35	Prod	1	194455	Mine 11 2015-09-05
2016-03-05 18:54:29	Finish	0	194455	Mine 5 2015-03-06
2016-03-05 18:54:30	Buy	-20000	174455	Spiel
2016-03-05 18:54:54	Prod	1	174456	Mine 6 2015-04-05
2016-03-05 19:16:54	Prod	1	174470	Mine 14 2016-01-30
2016-03-05 19:17:40	Start	0	174470	Mine 15 2016-03-05
2016-03-05 19:17:40	Prod	1	174471	Mine 15 2016-03-05
2016-03-10 08:13:19	Prod	1	179440	Mine 14 2016-01-30
2016-03-10 08:13:42	Weekly	100	179540	Spiel
2016-03-10 08:14:04	Prod	1	179541	Mine 15 2016-03-05
2016-03-17 08:12:39	Prod	1	187206	Mine 7 2015-04-30
2016-03-17 08:13:42	Weekly	100	187306	Spiel
2016-03-17 08:14:58	Prod	1	187307	Mine 12 2015-11-04
2016-03-24 08:13:22	Prod	1	194968	Mine 13 2015-12-16
2016-03-24 08:13:42	Weekly	100	195068	Spiel
2016-03-24 08:14:48	Prod	1	195069	Mine 10 2015-07-02
2016-03-31 09:13:27	Prod	1	202735	Mine 6 2015-04-05
2016-03-31 09:13:42	Weekly	100	202835	Spiel
2016-03-31 09:14:15	Prod	1	202836	Mine 7 2015-04-30
2016-04-04 16:00:18	Prod	1	207524	Mine 11 2015-09-05
2016-04-04 16:01:37	Finish	0	207524	Mine 6 2015-04-05
2016-04-04 16:01:38	Buy	-20000	187524	Spiel
2016-04-04 16:02:25	Prod	1	187525	Mine 7 2015-04-30
2016-04-04 16:24:22	Prod	1	187539	Mine 15 2016-03-05
2016-04-04 16:24:47	Start	0	187539	Mine 16 2016-04-04
2016-04-04 16:24:47	Prod	1	187540	Mine 16 2016-04-04
2016-04-07 09:10:48	Prod	1	190495	Mine 12 2015-11-04
2016-04-07 09:13:42	Weekly	100	190595	Spiel
2016-04-07 09:14:59	Prod	1	190596	Mine 13 2015-12-16
2016-04-14 09:12:44	Prod	1	198262	Mine 9 2015-06-12
2016-04-14 09:13:42	Weekly	100	198362	Spiel
2016-04-14 09:13:45	Prod	1	198363	Mine 11 2015-09-05
2016-04-21 09:12:24	Prod	1	206025	Mine 12 2015-11-04
2016-04-21 09:13:42	Weekly	100	206125	Spiel
2016-04-21 09:16:35	Prod	1	206126	Mine 13 2015-12-16
2016-04-28 09:13:32	Prod	1	213790	Mine 16 2016-04-04
2016-04-28 09:13:42	Weekly	100	213890	Spiel
2016-04-28 09:14:20	Prod	1	213891	Mine 8 2015-05-23
2016-04-30 05:45:09	Prod	1	215923	Mine 11 2015-09-05
2016-04-30 05:47:16	Finish	0	215923	Mine 7 2015-04-30
2016-04-30 05:47:17	Buy	-20000	195923	Spiel
2016-04-30 05:49:35	Prod	1	195924	Mine 12 2015-11-04
2016-04-30 06:10:26	Prod	1	195940	Mine 9 2015-06-12
2016-04-30 06:10:26	Start	0	195940	Mine 17 2016-04-30
2016-04-30 06:10:26	Prod	1	195941	Mine 17 2016-04-30
2016-05-05 09:09:35	Prod	1	201552	Mine 11 2015-09-05
2016-05-05 09:13:42	Weekly	100	201652	Spiel
2016-05-05 09:14:00	Prod	1	201653	Mine 12 2015-11-04
2016-05-12 09:12:25	Prod	1	209314	Mine 13 2015-12-16
2016-05-12 09:13:42	Weekly	100	209414	Spiel
2016-05-12 09:13:51	Prod	1	209415	Mine 10 2015-07-02
2016-05-19 09:11:11	Prod	1	217082	Mine 11 2015-09-05
2016-05-19 09:13:42	Weekly	100	217182	Spiel
2016-05-19 09:15:37	Prod	1	217183	Mine 12 2015-11-04
2016-05-22 17:36:51	Prod	1	220849	Mine 9 2015-06-12
2016-05-22 17:36:51	Finish	0	220849	Mine 8 2015-05-23
2016-05-22 17:36:51	Prod	1	220850	Mine 17 2016-04-30
2016-05-22 17:36:52	Buy	-20000	200850	Spiel
2016-05-22 17:37:52	Prod	1	200851	Mine 11 2015-09-05
2016-05-22 17:59:38	Prod	1	200862	Mine 13 2015-12-16
2016-05-22 18:00:01	Start	0	200862	Mine 18 2016-05-22
2016-05-22 18:00:01	Prod	1	200863	Mine 18 2016-05-22
2016-05-26 09:09:51	Prod	1	204841	Mine 12 2015-11-04
2016-05-26 09:13:42	Weekly	100	204941	Spiel
2016-05-26 09:14:02	Prod	1	204942	Mine 13 2015-12-16
2016-06-02 09:12:48	Prod	1	212610	Mine 11 2015-09-05
2016-06-02 09:13:42	Weekly	100	212710	Spiel
2016-06-02 09:17:13	Prod	1	212711	Mine 12 2015-11-04
2016-06-09 09:11:27	Prod	1	220371	Mine 12 2015-11-04
2016-06-09 09:13:42	Weekly	100	220471	Spiel
2016-06-09 09:15:38	Prod	1	220472	Mine 13 2015-12-16
2016-06-11 17:25:12	Prod	1	223037	Mine 16 2016-04-04
2016-06-11 17:26:00	Finish	0	223037	Mine 9 2015-06-12
2016-06-11 17:26:00	Prod	1	223038	Mine 17 2016-04-30
2016-06-11 17:26:01	Buy	-20000	203038	Spiel
2016-06-11 17:27:01	Prod	1	203039	Mine 11 2015-09-05
2016-06-11 17:48:47	Prod	1	203050	Mine 13 2015-12-16
2016-06-11 17:49:10	Start	0	203050	Mine 19 2016-06-11
2016-06-11 17:49:10	Prod	1	203051	Mine 18 2016-05-22
2016-06-16 09:13:23	Prod	1	208137	Mine 17 2016-04-30
2016-06-16 09:13:42	Weekly	100	208237	Spiel
2016-06-16 09:14:24	Prod	1	208238	Mine 11 2015-09-05
2016-06-23 09:13:03	Prod	1	215899	Mine 12 2015-11-04
2016-06-23 09:13:42	Weekly	100	215999	Spiel
2016-06-23 09:17:15	Prod	1	216000	Mine 13 2015-12-16
2016-06-30 09:13:01	Prod	1	223664	Mine 14 2016-01-30
2016-06-30 09:13:42	Weekly	100	223764	Spiel
2016-06-30 09:13:47	Prod	1	223765	Mine 15 2016-03-05
2016-07-01 17:12:01	Prod	1	225222	Mine 19 2016-06-11
2016-07-01 17:13:03	Finish	0	225222	Mine 10 2015-07-02
2016-07-01 17:13:04	Buy	-20000	205222	Spiel
2016-07-01 17:13:10	Prod	1	205223	Mine 14 2016-01-30
2016-07-01 17:33:44	Prod	1	205237	Mine 12 2015-11-04
2016-07-01 17:36:13	Start	0	205237	Mine 20 2016-07-01
2016-07-01 17:36:13	Prod	1	205238	Mine 20 2016-07-01
2016-07-07 09:10:14	Prod	1	211426	Mine 11 2015-09-05
2016-07-07 09:13:42	Weekly	100	211526	Spiel
2016-07-07 09:14:40	Prod	1	211527	Mine 12 2015-11-04
2016-07-14 09:13:28	Prod	1	219191	Mine 19 2016-06-11
2016-07-14 09:13:42	Weekly	100	219291	Spiel
2016-07-14 09:14:37	Prod	1	219292	Mine 14 2016-01-30
2016-07-21 09:11:51	Prod	1	226956	Mine 11 2015-09-05
2016-07-21 09:13:42	Weekly	100	227056	Spiel
2016-07-21 09:16:16	Prod	1	227057	Mine 12 2015-11-04
2016-07-28 09:12:59	Prod	1	234718	Mine 20 2016-07-01
2016-07-28 09:13:42	Weekly	100	234818	Spiel
2016-07-28 09:14:41	Prod	1	234819	Mine 13 2015-12-16
2016-08-04 09:13:27	Prod	1	242486	Mine 11 2015-09-05
2016-08-04 09:13:42	Weekly	100	242586	Spiel
2016-08-04 09:17:53	Prod	1	242587	Mine 12 2015-11-04
2016-08-11 09:12:06	Prod	1	250247	Mine 12 2015-11-04
2016-08-11 09:13:42	Weekly	100	250347	Spiel
2016-08-11 09:14:35	Prod	1	250348	Mine 20 2016-07-01
2016-08-18 09:13:14	Prod	1	258014	Mine 16 2016-04-04
2016-08-18 09:13:42	Weekly	100	258114	Spiel
2016-08-18 09:14:02	Prod	1	258115	Mine 17 2016-04-30
2016-08-25 09:09:17	Prod	1	265776	Mine 11 2015-09-05
2016-08-25 09:13:42	Weekly	100	265876	Spiel
2016-08-25 09:13:43	Prod	1	265877	Mine 12 2015-11-04
2016-09-01 09:13:40	Prod	1	273542	Mine 14 2016-01-30
2016-09-01 09:13:42	Weekly	100	273642	Spiel
2016-09-01 09:14:26	Prod	1	273643	Mine 15 2016-03-05
2016-09-04 21:12:46	Prod	1	277475	Mine 17 2016-04-30
2016-09-04 21:13:47	Finish	0	277475	Mine 11 2015-09-05
2016-09-04 21:13:48	Buy	-20000	257475	Spiel
2016-09-04 21:18:12	Prod	1	257476	Mine 12 2015-11-04
2016-09-04 21:35:56	Prod	1	257489	Mine 19 2016-06-11
2016-09-04 21:36:57	Start	0	257489	Mine 21 2016-09-04
2016-09-04 21:36:57	Prod	1	257490	Mine 21 2016-09-04
2016-09-08 09:09:52	Prod	1	261304	Mine 17 2016-04-30
2016-09-08 09:13:42	Weekly	100	261404	Spiel
2016-09-08 09:15:19	Prod	1	261405	Mine 12 2015-11-04
2016-09-15 09:12:01	Prod	1	269066	Mine 20 2016-07-01
2016-09-15 09:13:42	Weekly	100	269166	Spiel
2016-09-15 09:13:44	Prod	1	269167	Mine 13 2015-12-16
2016-09-22 09:11:29	Prod	1	276834	Mine 17 2016-04-30
2016-09-22 09:13:42	Weekly	100	276934	Spiel
2016-09-22 09:16:56	Prod	1	276935	Mine 12 2015-11-04
2016-09-29 09:13:38	Prod	1	284596	Mine 20 2016-07-01
2016-09-29 09:13:42	Weekly	100	284696	Spiel
2016-09-29 09:15:21	Prod	1	284697	Mine 13 2015-12-16
2016-10-06 09:13:05	Prod	1	292364	Mine 17 2016-04-30
2016-10-06 09:13:42	Weekly	100	292464	Spiel
2016-10-06 09:18:32	Prod	1	292465	Mine 12 2015-11-04
2016-10-13 09:12:46	Prod	1	300125	Mine 12 2015-11-04
2016-10-13 09:13:42	Weekly	100	300225	Spiel
2016-10-13 09:15:14	Prod	1	300226	Mine 20 2016-07-01
2016-10-20 09:13:29	Prod	1	307892	Mine 15 2016-03-05
2016-10-20 09:13:42	Weekly	100	307992	Spiel
2016-10-20 09:13:54	Prod	1	307993	Mine 16 2016-04-04
2016-10-27 09:08:55	Prod	1	315654	Mine 17 2016-04-30
2016-10-27 09:13:42	Weekly	100	315754	Spiel
2016-10-27 09:14:22	Prod	1	315755	Mine 12 2015-11-04
2016-11-03 08:13:10	Prod	1	323419	Mine 19 2016-06-11
2016-11-03 08:13:42	Weekly	100	323519	Spiel
2016-11-03 08:14:11	Prod	1	323520	Mine 21 2016-09-04
2016-11-03 18:34:26	Prod	1	323994	Mine 17 2016-04-30
2016-11-03 18:39:53	Finish	0	323994	Mine 12 2015-11-04
2016-11-03 18:39:54	Buy	-20000	303994	Spiel
2016-11-03 18:42:21	Prod	1	303995	Mine 20 2016-07-01
2016-11-03 19:00:44	Prod	1	304012	Mine 17 2016-04-30
2016-11-03 19:03:03	Start	0	304012	Mine 22 2016-11-03
2016-11-03 19:03:03	Prod	1	304013	Mine 22 2016-11-03
2016-11-10 08:12:51	Prod	1	311183	Mine 22 2016-11-03
2016-11-10 08:13:42	Weekly	100	311283	Spiel
2016-11-10 08:18:27	Prod	1	311284	Mine 20 2016-07-01
2016-11-17 08:12:41	Prod	1	318944	Mine 20 2016-07-01
2016-11-17 08:13:42	Weekly	100	319044	Spiel
2016-11-17 08:14:24	Prod	1	319045	Mine 13 2015-12-16
2016-11-24 08:12:08	Prod	1	326712	Mine 17 2016-04-30
2016-11-24 08:13:42	Weekly	100	326812	Spiel
2016-11-24 08:14:27	Prod	1	326813	Mine 22 2016-11-03
2016-12-01 08:08:41	Prod	1	334473	Mine 22 2016-11-03
2016-12-01 08:13:42	Weekly	100	334573	Spiel
2016-12-01 08:14:17	Prod	1	334574	Mine 20 2016-07-01
2016-12-08 08:12:57	Prod	1	342241	Mine 16 2016-04-04
2016-12-08 08:13:42	Weekly	100	342341	Spiel
2016-12-08 08:13:45	Prod	1	342342	Mine 17 2016-04-30
2016-12-15 08:10:17	Prod	1	350003	Mine 22 2016-11-03
2016-12-15 08:13:42	Weekly	100	350103	Spiel
2016-12-15 08:15:54	Prod	1	350104	Mine 20 2016-07-01
2016-12-15 14:37:18	Prod	1	350394	Mine 20 2016-07-01
2016-12-15 14:39:00	Finish	0	350394	Mine 13 2015-12-16
2016-12-15 14:39:01	Buy	-20000	330394	Spiel
2016-12-15 14:39:23	Prod	1	330395	Mine 18 2016-05-22
2016-12-15 14:57:59	Prod	1	330411	Mine 22 2016-11-03
2016-12-15 15:02:11	Start	0	330411	Mine 23 2016-12-15
2016-12-15 15:02:11	Prod	1	330412	Mine 23 2016-12-15
2016-12-22 08:13:23	Prod	1	337767	Mine 14 2016-01-30
2016-12-22 08:13:42	Weekly	100	337867	Spiel
2016-12-22 08:14:08	Prod	1	337868	Mine 15 2016-03-05
2016-12-29 08:11:54	Prod	1	345531	Mine 22 2016-11-03
2016-12-29 08:13:42	Weekly	100	345631	Spiel
2016-12-29 08:16:05	Prod	1	345632	Mine 23 2016-12-15
2017-01-05 08:11:44	Prod	1	353293	Mine 20 2016-07-01
2017-01-05 08:13:42	Weekly	100	353393	Spiel
2017-01-05 08:13:49	Prod	1	353394	Mine 18 2016-05-22
2017-01-12 08:13:30	Prod	1	361061	Mine 22 2016-11-03
2017-01-12 08:13:42	Weekly	100	361161	Spiel
2017-01-12 08:17:41	Prod	1	361162	Mine 23 2016-12-15
2017-01-29 12:01:11	Prod	1	379946	Mine 21 2016-09-04
2017-01-29 12:01:19	Finish	0	379946	Mine 14 2016-01-30
2017-01-29 12:01:20	Buy	-20000	359946	Spiel
2017-01-29 12:02:05	Prod	1	359947	Mine 15 2016-03-05
2017-01-29 12:24:22	Prod	1	359961	Mine 20 2016-07-01
2017-01-29 12:24:29	Start	0	359961	Mine 24 2017-01-29
2017-01-29 12:24:29	Prod	1	359962	Mine 24 2017-01-29
2017-03-06 02:52:56	Prod	1	398945	Mine 21 2016-09-04
2017-03-06 02:53:50	Finish	0	398945	Mine 15 2016-03-05
2017-03-06 02:54:15	Prod	1	398946	Mine 16 2016-04-04
2017-04-04 23:59:39	Prod	1	428348	Mine 21 2016-09-04
2017-04-05 00:00:58	Finish	0	428348	Mine 16 2016-04-04
2017-04-05 00:01:46	Prod	1	428349	Mine 17 2016-04-30
2017-04-30 13:44:30	Prod	1	450748	Mine 21 2016-09-04
2017-04-30 13:46:37	Finish	0	450748	Mine 17 2016-04-30
2017-04-30 13:48:56	Prod	1	450749	Mine 22 2016-11-03
2017-05-23 01:36:12	Prod	1	467987	Mine 19 2016-06-11
2017-05-23 01:36:12	Finish	0	467987	Mine 18 2016-05-22
2017-05-23 01:37:13	Prod	1	467988	Mine 21 2016-09-04
2017-06-12 01:23:23	Prod	1	481120	Mine 24 2017-01-29
2017-06-12 01:25:21	Finish	0	481120	Mine 19 2016-06-11
2017-06-12 01:26:22	Prod	1	481121	Mine 21 2016-09-04
2017-07-02 01:10:59	Prod	1	492063	Mine 23 2016-12-15
2017-07-02 01:12:24	Finish	0	492063	Mine 20 2016-07-01
2017-07-02 01:12:31	Prod	1	492064	Mine 24 2017-01-29
2017-09-05 05:10:08	Prod	1	520604	Mine 24 2017-01-29
2017-09-05 05:13:08	Finish	0	520604	Mine 21 2016-09-04
2017-09-05 05:17:33	Prod	1	520605	Mine 22 2016-11-03
2017-11-04 02:31:49	Prod	1	540290	Mine 24 2017-01-29
2017-11-04 02:39:14	Finish	0	540290	Mine 22 2016-11-03
2017-11-04 02:43:25	Prod	1	540291	Mine 23 2016-12-15
2017-12-15 22:26:45	Prod	1	549450	Mine 24 2017-01-29
2017-12-15 22:38:21	Finish	0	549450	Mine 23 2016-12-15
2017-12-15 22:39:54	Prod	1	549451	Mine 24 2017-01-29
2018-01-29 19:47:31	Prod	1	554365	Mine 24 2017-01-29
2018-01-29 20:00:40	Finish	0	554365	Mine 24 2017-01-29
